mode;keyword;title;description;file_path;board_name;pin_link
image;Keto diet;Ultimate Guide to Success on the Keto Diet - Tips, Recipes, & More!;Discover the ultimate guide to success on the Keto diet with helpful tips, delicious recipes, and more! Whether you're a beginner or experienced Keto follower, this comprehensive guide has everything you need to achieve your health and weight loss goals. #KetoDiet #KetoRecipes #LowCarbLiving;"1. Track Your Macronutrients: Use a keto-friendly app or spreadsheet to monitor your daily fat, protein, and carb intake, ensuring you stay in ketosis.
2. Prioritize Healthy Fats: Focus on incorporating beneficial fats from avocado, coconut oil, and fatty fish like salmon.
3. Plan Your Meals & Snacks: Prep ahead or plan meals and snacks to avoid high-carb temptations throughout the day.
4. Stay Hydrated: Drink plenty of water throughout the day and consider adding a splash of lemon or ginger for flavor.
5. Be Flexible & Consistent: Understand that slipping up now and then is okay, as long as you consistently return to your keto diet and learn from your mistakes.";;;
image;Keto recipes;Delicious and Easy Keto Recipes for Healthy Living!;Discover a variety of mouthwatering Keto recipes to support your healthy lifestyle! From savory dishes to guilt-free desserts, these easy recipes will keep you on track. Start cooking and savoring the flavors of Keto living today! ü•ëüç≥ #KetoRecipes #HealthyEating #LowCarbDelights;"1. Swap out carbs for healthy fats
2. Choose fresh, whole ingredients
3. Experiment with unique flavor combinations
4. Plan ahead to maximize meal prep efficiency
5. Keep it simple and focus on a few key veggies";;;
image;Keto meal plan;Delicious Keto Meal Plan Ideas for a Healthy Lifestyle!;Discover mouthwatering keto meal plan ideas to kickstart a healthy lifestyle! From savory dishes to sweet treats, find delicious recipes that will keep you on track. Try these flavorful keto meals today! ü•ëüç≥ü•ó #KetoMealPlan #HealthyEating #LowCarbRecipes;"1. Include plenty of healthy fats.
2. Opt for low-carb vegetables.
3. Stay hydrated with water.
4. Plan your meals in advance.
5. Monitor your protein intake.";;;
image;Keto snacks;Delicious and Healthy Keto Snacks Ideas for Quick Energy Boosts!;Looking for delicious and healthy keto snacks ideas to keep you energized throughout the day? Check out these quick and easy recipes for satisfying your cravings while staying on track with your keto diet! #KetoSnacks #HealthyEating #LowCarbRecipes;"1. Avocado Slices: A potassium-rich treat that pairs perfectly with keto-friendly condiments like guacamole, hot sauce or nutritional yeast.

2. Deviled Eggs: A classic keto snack! Boiled eggs seasoned with mustard, mayonnaise, and spices for a protein-packed boost.

3. Roasted Veggies: Whole grain alternative to chips. Slice your favorite veggies and bake them with olive oil and your favorite seasonings.

4. Homemade Nut Butter: Spread nut butter on low-carb wraps or use as a dip for low-carb veggies. Peanuts or almonds make a tasty and nutritious choice.

5. Chia Pudding: Soak chia seeds overnight in your favorite low-carb milk (almond, coconut, or soy), and top with fresh berries and coconut flakes for texture and flavor.";;;
